Transaction_ID,Date,Department,Category,Vendor,Cash_Outflow_INR,Budget_Variance_Pct,Approval_Level,Audit_Flag
TXN-00001,2024-01-04,IT,Software Licenses,Vendor_D,394291,-0.33,Level 3,Clear
TXN-00002,2024-02-06,HR,Training,Vendor_C,437405,0.04,Level 3,Clear
TXN-00003,2024-01-07,Marketing,Events,Vendor_G,102867,-2.23,Level 2,Clear
TXN-00004,2024-02-29,HR,Training,Vendor_F,347898,1.96,Level 3,Clear
TXN-00005,2024-03-16,IT,Software Licenses,Vendor_G,406575,-2.55,Level 3,Clear
TXN-00006,2024-03-31,IT,Software Licenses,Vendor_A,213827,4.06,Level 3,Clear
TXN-00007,2024-03-08,Logistics,Warehousing,Vendor_H,414209,-2.81,Level 3,Clear
TXN-00008,2024-03-14,Marketing,Events,Vendor_D,276926,4.68,Level 3,Clear
TXN-00009,2024-01-26,Manufacturing,Raw Material,Vendor_B,321314,2.34,Level 3,Clear
TXN-00010,2024-01-18,Marketing,Digital Ads,Vendor_G,342450,-2.94,Level 3,Clear
TXN-00011,2024-02-01,HR,Training,Vendor_C,35282,-0.74,Level 1,Clear
TXN-00012,2024-03-15,Marketing,Events,Vendor_G,237946,-3.09,Level 3,Clear
TXN-00013,2024-01-29,IT,Software Licenses,Vendor_A,147100,-0.11,Level 2,Clear
TXN-00014,2024-03-23,HR,Training,Vendor_F,349272,-3.96,Level 3,Clear
TXN-00015,2024-02-01,HR,Recruitment,Vendor_F,136750,-2.34,Level 2,Clear
TXN-00016,2024-02-26,Marketing,Digital Ads,Vendor_G,34779,0.43,Level 1,Clear
TXN-00017,2024-02-10,Manufacturing,Raw Material,Vendor_H,58998,-0.92,Level 2,Clear
TXN-00018,2024-02-12,HR,Recruitment,Vendor_D,339008,0.88,Level 3,Clear
TXN-00019,2024-03-01,IT,Hardware,Vendor_F,140133,2.33,Level 2,Clear
TXN-00020,2024-01-25,Logistics,Freight,Vendor_D,223674,1.64,Level 3,Clear
TXN-00021,2024-02-22,Logistics,Freight,Vendor_G,362486,0.12,Level 3,Clear
TXN-00022,2024-01-07,Marketing,Events,Vendor_E,263415,0.93,Level 3,Clear
TXN-00023,2024-01-29,Marketing,Events,Vendor_H,47285,1.39,Level 1,Clear
TXN-00024,2024-02-24,Manufacturing,Equipment Maintenance,Vendor_B,49694,-0.7,Level 1,Clear
TXN-00025,2024-02-24,HR,Recruitment,Vendor_B,334571,-0.65,Level 3,Clear
TXN-00026,2024-01-02,Logistics,Freight,Vendor_H,335227,1.09,Level 3,Clear
TXN-00027,2024-02-20,Manufacturing,Raw Material,Vendor_F,106482,0.24,Level 2,Clear
TXN-00028,2024-01-16,Marketing,Digital Ads,Vendor_C,341494,-4.31,Level 3,Clear
TXN-00029,2024-01-31,HR,Training,Vendor_E,383912,3.31,Level 3,Clear
TXN-00030,2024-01-11,Manufacturing,Equipment Maintenance,Vendor_D,285348,-3.27,Level 3,Clear
TXN-00031,2024-02-08,HR,Training,Vendor_B,313078,1.8,Level 3,Clear
TXN-00032,2024-03-10,Logistics,Warehousing,Vendor_G,114072,3.52,Level 2,Clear
TXN-00033,2024-02-07,Logistics,Freight,Vendor_C,424154,29.16,Level 3,Review_Required
TXN-00034,2024-03-07,HR,Recruitment,Vendor_C,34604,0.31,Level 1,Clear
TXN-00035,2024-01-22,IT,Software Licenses,Vendor_H,235934,4.31,Level 3,Clear
TXN-00036,2024-02-22,Manufacturing,Raw Material,Vendor_D,241385,0.31,Level 3,Clear
TXN-00037,2024-01-02,Logistics,Warehousing,Vendor_B,116924,3.3,Level 2,Clear
TXN-00038,2024-02-27,Marketing,Digital Ads,Vendor_E,18720,4.07,Level 1,Clear
TXN-00039,2024-03-21,Marketing,Digital Ads,Vendor_F,28420,-0.46,Level 1,Clear
TXN-00040,2024-03-15,Manufacturing,Equipment Maintenance,Vendor_B,123409,-1.89,Level 2,Clear
TXN-00041,2024-02-24,Logistics,Freight,Vendor_G,69489,-1.66,Level 2,Clear
TXN-00042,2024-02-23,IT,Hardware,Vendor_C,49430,2.93,Level 1,Clear
TXN-00043,2024-02-01,Marketing,Events,Vendor_H,385314,3.67,Level 3,Clear
TXN-00044,2024-02-28,Logistics,Freight,Vendor_B,108663,-1.5,Level 2,Clear
TXN-00045,2024-03-15,Logistics,Freight,Vendor_E,414312,-1.6,Level 3,Clear
TXN-00046,2024-01-11,Manufacturing,Equipment Maintenance,Vendor_E,166129,1.48,Level 2,Clear
TXN-00047,2024-02-10,Manufacturing,Equipment Maintenance,Vendor_G,412812,3.19,Level 3,Clear
TXN-00048,2024-02-06,Logistics,Warehousing,Vendor_C,787872,30.47,Level 3,Review_Required
TXN-00049,2024-01-09,HR,Recruitment,Vendor_C,321953,-1.99,Level 3,Clear
TXN-00050,2024-03-17,Logistics,Freight,Vendor_H,307387,-2.43,Level 3,Clear
TXN-00051,2024-01-15,HR,Training,Vendor_G,473995,3.91,Level 3,Clear
TXN-00052,2024-02-21,Manufacturing,Equipment Maintenance,Vendor_G,44493,3.1,Level 1,Clear
TXN-00053,2024-03-04,Logistics,Warehousing,Vendor_D,188992,4.86,Level 2,Clear
TXN-00054,2024-03-12,Marketing,Events,Vendor_B,160337,0.27,Level 2,Clear
TXN-00055,2024-01-31,IT,Software Licenses,Vendor_F,386740,-2.33,Level 3,Clear
TXN-00056,2024-02-02,IT,Software Licenses,Vendor_C,73720,-4.2,Level 2,Clear
TXN-00057,2024-01-30,Manufacturing,Raw Material,Vendor_B,108208,-3.8,Level 2,Clear
TXN-00058,2024-03-30,IT,Software Licenses,Vendor_A,75558,-2.75,Level 2,Clear
TXN-00059,2024-01-17,IT,Hardware,Vendor_G,115156,-2.74,Level 2,Clear
TXN-00060,2024-03-21,Marketing,Digital Ads,Vendor_A,70005,1.34,Level 2,Clear
TXN-00061,2024-03-21,Manufacturing,Raw Material,Vendor_D,205754,1.3,Level 3,Clear
TXN-00062,2024-02-27,Marketing,Digital Ads,Vendor_D,429592,0.68,Level 3,Clear
TXN-00063,2024-02-23,HR,Training,Vendor_B,150065,3.21,Level 2,Clear
TXN-00064,2024-01-02,Marketing,Events,Vendor_B,424673,2.56,Level 3,Clear
TXN-00065,2024-01-10,Logistics,Freight,Vendor_C,445987,19.56,Level 3,Review_Required
TXN-00066,2024-01-25,Marketing,Events,Vendor_A,298980,-3.16,Level 3,Clear
TXN-00067,2024-01-25,Logistics,Warehousing,Vendor_G,28300,-2.51,Level 1,Clear
TXN-00068,2024-01-11,Manufacturing,Raw Material,Vendor_H,66040,1.07,Level 2,Clear
TXN-00069,2024-01-11,Manufacturing,Raw Material,Vendor_C,355061,-1.0,Level 3,Clear
TXN-00070,2024-01-03,Manufacturing,Equipment Maintenance,Vendor_H,281436,-0.85,Level 3,Clear
TXN-00071,2024-02-29,Marketing,Events,Vendor_G,344213,2.66,Level 3,Clear
TXN-00072,2024-03-30,Marketing,Digital Ads,Vendor_A,197219,3.22,Level 2,Clear
TXN-00073,2024-02-12,Marketing,Events,Vendor_G,267882,0.68,Level 3,Clear
TXN-00074,2024-03-30,IT,Hardware,Vendor_C,328334,2.26,Level 3,Clear
TXN-00075,2024-03-20,HR,Recruitment,Vendor_G,492133,-4.71,Level 3,Clear
TXN-00076,2024-01-21,Marketing,Digital Ads,Vendor_D,282838,3.21,Level 3,Clear
TXN-00077,2024-03-31,Manufacturing,Raw Material,Vendor_A,223063,1.86,Level 3,Clear
TXN-00078,2024-01-19,HR,Training,Vendor_B,373214,0.0,Level 3,Clear
TXN-00079,2024-01-05,IT,Software Licenses,Vendor_F,181004,0.08,Level 2,Clear
TXN-00080,2024-01-18,Logistics,Warehousing,Vendor_H,410765,-2.62,Level 3,Clear
TXN-00081,2024-01-19,IT,Software Licenses,Vendor_B,413914,3.32,Level 3,Clear
TXN-00082,2024-02-15,HR,Recruitment,Vendor_D,277422,-2.4,Level 3,Clear
TXN-00083,2024-02-16,IT,Hardware,Vendor_F,58121,4.26,Level 2,Clear
TXN-00084,2024-03-27,Manufacturing,Raw Material,Vendor_A,31817,4.56,Level 1,Clear
TXN-00085,2024-03-13,Logistics,Freight,Vendor_A,66738,-0.44,Level 2,Clear
TXN-00086,2024-03-25,Manufacturing,Equipment Maintenance,Vendor_G,322615,0.21,Level 3,Clear
TXN-00087,2024-01-24,Logistics,Warehousing,Vendor_G,192690,-4.75,Level 2,Clear
TXN-00088,2024-02-19,Logistics,Freight,Vendor_B,56952,1.77,Level 2,Clear
TXN-00089,2024-02-22,Logistics,Warehousing,Vendor_G,484235,-3.03,Level 3,Clear
TXN-00090,2024-03-12,HR,Recruitment,Vendor_C,484608,4.14,Level 3,Clear
TXN-00091,2024-02-14,HR,Training,Vendor_G,332109,-2.74,Level 3,Clear
TXN-00092,2024-01-02,Logistics,Freight,Vendor_G,160799,-1.82,Level 2,Clear
TXN-00093,2024-02-07,IT,Software Licenses,Vendor_A,377920,-2.9,Level 3,Clear
TXN-00094,2024-03-13,Marketing,Events,Vendor_E,423605,-4.04,Level 3,Clear
TXN-00095,2024-03-18,IT,Hardware,Vendor_F,494100,-1.41,Level 3,Clear
TXN-00096,2024-03-21,Logistics,Warehousing,Vendor_F,334402,2.91,Level 3,Clear
TXN-00097,2024-02-04,Logistics,Freight,Vendor_F,387297,3.5,Level 3,Clear
TXN-00098,2024-03-05,IT,Software Licenses,Vendor_B,127283,-1.34,Level 2,Clear
TXN-00099,2024-03-17,Logistics,Warehousing,Vendor_A,168731,-2.06,Level 2,Clear
TXN-00100,2024-02-18,IT,Hardware,Vendor_E,463502,0.69,Level 3,Clear
TXN-00101,2024-02-25,IT,Hardware,Vendor_D,94344,1.81,Level 2,Clear
TXN-00102,2024-01-17,IT,Hardware,Vendor_E,248762,-2.1,Level 3,Clear
TXN-00103,2024-03-01,Logistics,Warehousing,Vendor_C,428464,32.18,Level 3,Review_Required
TXN-00104,2024-02-19,Manufacturing,Raw Material,Vendor_B,77352,0.84,Level 2,Clear
TXN-00105,2024-01-11,HR,Training,Vendor_H,13790,-2.23,Level 1,Clear
TXN-00106,2024-03-05,Logistics,Freight,Vendor_C,469725,15.51,Level 1,Review_Required
TXN-00107,2024-03-06,Logistics,Warehousing,Vendor_D,426925,2.07,Level 3,Clear
TXN-00108,2024-03-27,Manufacturing,Equipment Maintenance,Vendor_G,33498,3.8,Level 1,Clear
TXN-00109,2024-02-26,Marketing,Events,Vendor_C,415589,1.16,Level 3,Clear
TXN-00110,2024-03-18,IT,Software Licenses,Vendor_D,382194,-0.66,Level 3,Clear
TXN-00111,2024-03-30,IT,Hardware,Vendor_E,61934,-3.86,Level 2,Clear
TXN-00112,2024-03-27,Logistics,Warehousing,Vendor_H,81904,-0.63,Level 2,Clear
TXN-00113,2024-02-21,IT,Hardware,Vendor_H,468928,-0.9,Level 3,Clear
TXN-00114,2024-02-01,Logistics,Warehousing,Vendor_H,54877,-2.48,Level 2,Clear
TXN-00115,2024-03-29,Marketing,Digital Ads,Vendor_G,25841,-4.83,Level 1,Clear
TXN-00116,2024-01-27,HR,Training,Vendor_B,288155,3.2,Level 3,Clear
TXN-00117,2024-02-16,IT,Software Licenses,Vendor_F,285336,-4.63,Level 3,Clear
TXN-00118,2024-03-15,Marketing,Events,Vendor_C,55242,2.53,Level 2,Clear
TXN-00119,2024-02-21,HR,Recruitment,Vendor_B,360685,1.46,Level 3,Clear
TXN-00120,2024-01-01,HR,Recruitment,Vendor_C,57775,1.66,Level 2,Clear
TXN-00121,2024-03-18,IT,Software Licenses,Vendor_A,439511,-1.7,Level 3,Clear
TXN-00122,2024-01-31,Logistics,Warehousing,Vendor_E,394151,-1.63,Level 3,Clear
TXN-00123,2024-03-07,Marketing,Digital Ads,Vendor_A,446719,4.06,Level 3,Clear
TXN-00124,2024-01-29,Logistics,Freight,Vendor_E,71391,-3.29,Level 2,Clear
TXN-00125,2024-02-16,Marketing,Events,Vendor_H,198478,4.86,Level 2,Clear
TXN-00126,2024-03-21,Logistics,Freight,Vendor_B,307944,-3.12,Level 3,Clear
TXN-00127,2024-03-17,IT,Software Licenses,Vendor_E,422065,4.84,Level 3,Clear
TXN-00128,2024-03-12,Manufacturing,Raw Material,Vendor_B,253531,-1.41,Level 3,Clear
TXN-00129,2024-03-05,HR,Recruitment,Vendor_D,332988,3.31,Level 3,Clear
TXN-00130,2024-03-21,Manufacturing,Equipment Maintenance,Vendor_C,224839,-3.59,Level 3,Clear
TXN-00131,2024-01-21,Marketing,Digital Ads,Vendor_G,260852,-3.57,Level 3,Clear
TXN-00132,2024-03-07,HR,Recruitment,Vendor_D,294861,2.9,Level 3,Clear
TXN-00133,2024-01-07,HR,Training,Vendor_F,110722,-0.29,Level 2,Clear
TXN-00134,2024-01-15,IT,Software Licenses,Vendor_B,155555,-2.7,Level 2,Clear
TXN-00135,2024-01-28,HR,Training,Vendor_B,78010,-2.35,Level 2,Clear
TXN-00136,2024-03-17,HR,Training,Vendor_D,405317,3.62,Level 3,Clear
TXN-00137,2024-02-01,Logistics,Warehousing,Vendor_B,84466,4.49,Level 2,Clear
TXN-00138,2024-01-10,Logistics,Freight,Vendor_A,194409,4.35,Level 2,Clear
TXN-00139,2024-01-15,Manufacturing,Raw Material,Vendor_B,110836,-3.09,Level 2,Clear
TXN-00140,2024-01-16,Logistics,Freight,Vendor_D,460977,2.53,Level 3,Clear
TXN-00141,2024-01-16,Logistics,Freight,Vendor_B,419035,-0.35,Level 3,Clear
TXN-00142,2024-02-19,IT,Software Licenses,Vendor_H,177479,-0.48,Level 2,Clear
TXN-00143,2024-03-22,Logistics,Freight,Vendor_C,566660,28.93,Level 2,Review_Required
TXN-00144,2024-01-12,IT,Software Licenses,Vendor_E,103730,-1.29,Level 2,Clear
TXN-00145,2024-02-08,Logistics,Freight,Vendor_A,21706,-0.26,Level 1,Clear
TXN-00146,2024-03-16,Logistics,Freight,Vendor_H,154098,3.89,Level 2,Clear
TXN-00147,2024-01-26,Manufacturing,Equipment Maintenance,Vendor_D,297566,3.19,Level 3,Clear
TXN-00148,2024-02-07,Logistics,Warehousing,Vendor_B,430013,4.69,Level 3,Clear
TXN-00149,2024-01-22,Logistics,Freight,Vendor_G,171849,-0.95,Level 2,Clear
TXN-00150,2024-03-31,Marketing,Digital Ads,Vendor_F,464949,-2.9,Level 3,Clear
TXN-00151,2024-03-09,HR,Training,Vendor_E,147629,-3.7,Level 2,Clear
TXN-00152,2024-01-17,Manufacturing,Equipment Maintenance,Vendor_B,345499,4.06,Level 3,Clear
TXN-00153,2024-02-08,Marketing,Digital Ads,Vendor_B,80678,2.69,Level 2,Clear
TXN-00154,2024-03-03,HR,Recruitment,Vendor_E,499289,-0.05,Level 3,Clear
TXN-00155,2024-02-22,HR,Recruitment,Vendor_E,385677,-2.06,Level 3,Clear
TXN-00156,2024-02-02,Logistics,Freight,Vendor_G,330792,-1.53,Level 3,Clear
TXN-00157,2024-02-13,Logistics,Freight,Vendor_F,185176,-2.73,Level 2,Clear
TXN-00158,2024-03-08,Manufacturing,Equipment Maintenance,Vendor_B,136918,4.1,Level 2,Clear
TXN-00159,2024-02-23,IT,Hardware,Vendor_F,224906,0.13,Level 3,Clear
TXN-00160,2024-02-07,Manufacturing,Equipment Maintenance,Vendor_E,70778,3.67,Level 2,Clear
TXN-00161,2024-03-01,Marketing,Events,Vendor_E,190239,1.2,Level 2,Clear
TXN-00162,2024-01-18,Logistics,Freight,Vendor_H,198268,0.9,Level 2,Clear
TXN-00163,2024-03-24,Marketing,Digital Ads,Vendor_C,282907,-2.68,Level 3,Clear
TXN-00164,2024-02-15,Manufacturing,Equipment Maintenance,Vendor_F,261045,1.82,Level 3,Clear
TXN-00165,2024-02-23,Manufacturing,Raw Material,Vendor_B,90147,-0.27,Level 2,Clear
TXN-00166,2024-02-16,IT,Hardware,Vendor_B,15220,4.09,Level 1,Clear
TXN-00167,2024-02-07,Logistics,Freight,Vendor_D,252833,0.65,Level 3,Clear
TXN-00168,2024-01-31,Logistics,Warehousing,Vendor_B,366501,-3.83,Level 3,Clear
TXN-00169,2024-02-04,Manufacturing,Equipment Maintenance,Vendor_C,112762,-3.22,Level 2,Clear
TXN-00170,2024-03-14,HR,Recruitment,Vendor_D,30585,-0.22,Level 1,Clear
TXN-00171,2024-01-19,HR,Recruitment,Vendor_H,348903,4.7,Level 3,Clear
TXN-00172,2024-01-01,HR,Recruitment,Vendor_H,454029,-3.82,Level 3,Clear
TXN-00173,2024-03-22,HR,Training,Vendor_H,170909,1.15,Level 2,Clear
TXN-00174,2024-02-07,Marketing,Digital Ads,Vendor_A,315421,0.78,Level 3,Clear
TXN-00175,2024-01-03,Manufacturing,Equipment Maintenance,Vendor_E,263343,4.71,Level 3,Clear
TXN-00176,2024-03-03,IT,Software Licenses,Vendor_F,147202,3.53,Level 2,Clear
TXN-00177,2024-03-18,Marketing,Digital Ads,Vendor_C,101459,4.49,Level 2,Clear
TXN-00178,2024-01-26,Manufacturing,Equipment Maintenance,Vendor_B,360224,4.31,Level 3,Clear
TXN-00179,2024-01-10,HR,Recruitment,Vendor_D,499674,0.7,Level 3,Clear
TXN-00180,2024-02-20,Marketing,Events,Vendor_C,131168,-2.5,Level 2,Clear
TXN-00181,2024-01-07,Logistics,Warehousing,Vendor_F,442364,-1.39,Level 3,Clear
TXN-00182,2024-03-07,Manufacturing,Equipment Maintenance,Vendor_E,116273,-4.18,Level 2,Clear
TXN-00183,2024-01-17,Logistics,Warehousing,Vendor_D,360677,-1.81,Level 3,Clear
TXN-00184,2024-03-04,IT,Hardware,Vendor_C,97698,2.86,Level 2,Clear
TXN-00185,2024-03-04,Marketing,Digital Ads,Vendor_C,469200,4.99,Level 3,Clear
TXN-00186,2024-01-31,IT,Software Licenses,Vendor_B,310962,-1.68,Level 3,Clear
TXN-00187,2024-03-28,Logistics,Freight,Vendor_H,203090,0.3,Level 3,Clear
TXN-00188,2024-02-25,Manufacturing,Raw Material,Vendor_C,495808,-3.13,Level 3,Clear
TXN-00189,2024-03-13,Manufacturing,Raw Material,Vendor_F,427617,4.97,Level 3,Clear
TXN-00190,2024-03-24,IT,Hardware,Vendor_A,17284,-0.2,Level 1,Clear
TXN-00191,2024-03-28,Manufacturing,Raw Material,Vendor_G,366716,-2.2,Level 3,Clear
TXN-00192,2024-03-20,Manufacturing,Raw Material,Vendor_A,213238,0.15,Level 3,Clear
TXN-00193,2024-01-27,Logistics,Warehousing,Vendor_H,407880,-0.25,Level 3,Clear
TXN-00194,2024-02-24,HR,Recruitment,Vendor_D,472878,3.22,Level 3,Clear
TXN-00195,2024-03-12,HR,Recruitment,Vendor_G,474065,4.29,Level 3,Clear
TXN-00196,2024-02-28,Logistics,Warehousing,Vendor_D,142164,1.56,Level 2,Clear
TXN-00197,2024-01-15,Manufacturing,Equipment Maintenance,Vendor_B,353039,1.86,Level 3,Clear
TXN-00198,2024-01-10,Marketing,Digital Ads,Vendor_D,98550,-4.2,Level 2,Clear
TXN-00199,2024-02-02,IT,Software Licenses,Vendor_B,271816,-4.46,Level 3,Clear
TXN-00200,2024-03-16,Manufacturing,Equipment Maintenance,Vendor_A,23378,-1.25,Level 1,Clear
TXN-00201,2024-03-21,Manufacturing,Raw Material,Vendor_G,263122,2.15,Level 3,Clear
TXN-00202,2024-02-11,Marketing,Digital Ads,Vendor_B,325315,-4.42,Level 3,Clear
TXN-00203,2024-03-15,IT,Hardware,Vendor_F,240198,-1.96,Level 3,Clear
TXN-00204,2024-03-29,HR,Recruitment,Vendor_F,303826,-3.07,Level 3,Clear
TXN-00205,2024-02-22,Manufacturing,Raw Material,Vendor_G,270134,4.02,Level 3,Clear
TXN-00206,2024-01-06,HR,Training,Vendor_G,89442,-2.19,Level 2,Clear
TXN-00207,2024-01-13,Marketing,Events,Vendor_H,443323,-0.5,Level 3,Clear
TXN-00208,2024-03-21,IT,Software Licenses,Vendor_D,425628,4.28,Level 3,Clear
TXN-00209,2024-02-24,IT,Hardware,Vendor_F,366373,-1.77,Level 3,Clear
TXN-00210,2024-01-22,HR,Training,Vendor_F,482227,-2.82,Level 3,Clear
TXN-00211,2024-03-30,Logistics,Warehousing,Vendor_G,86006,3.85,Level 2,Clear
TXN-00212,2024-03-01,HR,Recruitment,Vendor_B,28476,4.11,Level 1,Clear
TXN-00213,2024-03-05,IT,Hardware,Vendor_B,358775,2.6,Level 3,Clear
TXN-00214,2024-03-29,Marketing,Events,Vendor_E,272732,0.6,Level 3,Clear
TXN-00215,2024-03-30,Logistics,Freight,Vendor_A,316544,-0.54,Level 3,Clear
TXN-00216,2024-01-14,Marketing,Events,Vendor_H,341735,-2.97,Level 3,Clear
TXN-00217,2024-01-25,Marketing,Events,Vendor_E,362633,-0.77,Level 3,Clear
TXN-00218,2024-02-20,Logistics,Freight,Vendor_F,469793,2.02,Level 3,Clear
TXN-00219,2024-01-14,IT,Software Licenses,Vendor_H,128022,2.36,Level 2,Clear
TXN-00220,2024-02-04,Logistics,Warehousing,Vendor_D,73052,-1.21,Level 2,Clear
TXN-00221,2024-02-04,HR,Training,Vendor_H,222668,1.94,Level 3,Clear
TXN-00222,2024-03-09,Logistics,Freight,Vendor_B,442480,-3.94,Level 3,Clear
TXN-00223,2024-01-29,Logistics,Freight,Vendor_A,11724,-2.78,Level 1,Clear
TXN-00224,2024-01-23,Marketing,Events,Vendor_H,195145,-4.96,Level 2,Clear
TXN-00225,2024-02-05,IT,Software Licenses,Vendor_C,436181,-3.51,Level 3,Clear
TXN-00226,2024-02-13,Logistics,Warehousing,Vendor_F,68055,-4.37,Level 2,Clear
TXN-00227,2024-02-10,Manufacturing,Raw Material,Vendor_F,326110,-2.99,Level 3,Clear
TXN-00228,2024-02-16,IT,Hardware,Vendor_B,310010,4.61,Level 3,Clear
TXN-00229,2024-03-28,Logistics,Warehousing,Vendor_H,313982,-2.38,Level 3,Clear
TXN-00230,2024-03-02,HR,Training,Vendor_A,207163,-2.65,Level 3,Clear
TXN-00231,2024-01-02,Manufacturing,Raw Material,Vendor_G,337609,3.0,Level 3,Clear
TXN-00232,2024-01-09,Logistics,Freight,Vendor_A,282488,-0.6,Level 3,Clear
TXN-00233,2024-03-26,Manufacturing,Raw Material,Vendor_H,171796,-4.77,Level 2,Clear
TXN-00234,2024-01-06,Manufacturing,Equipment Maintenance,Vendor_F,165864,-4.32,Level 2,Clear
TXN-00235,2024-02-24,Marketing,Events,Vendor_B,205422,-3.72,Level 3,Clear
TXN-00236,2024-02-17,Logistics,Warehousing,Vendor_F,498341,4.15,Level 3,Clear
TXN-00237,2024-03-12,HR,Recruitment,Vendor_C,160702,0.36,Level 2,Clear
TXN-00238,2024-03-28,Manufacturing,Raw Material,Vendor_D,327965,4.95,Level 3,Clear
TXN-00239,2024-01-31,HR,Recruitment,Vendor_H,270594,-1.02,Level 3,Clear
TXN-00240,2024-03-18,Marketing,Events,Vendor_A,114299,4.27,Level 2,Clear
TXN-00241,2024-03-29,IT,Hardware,Vendor_A,346479,-0.36,Level 3,Clear
TXN-00242,2024-01-27,Marketing,Events,Vendor_C,397032,1.03,Level 3,Clear
TXN-00243,2024-01-24,HR,Training,Vendor_A,368051,-4.54,Level 3,Clear
TXN-00244,2024-03-31,Logistics,Warehousing,Vendor_H,202835,2.14,Level 3,Clear
TXN-00245,2024-03-26,Manufacturing,Raw Material,Vendor_D,65909,-1.13,Level 2,Clear
TXN-00246,2024-03-13,Logistics,Warehousing,Vendor_E,90345,3.16,Level 2,Clear
TXN-00247,2024-02-03,Logistics,Warehousing,Vendor_E,38925,1.1,Level 1,Clear
TXN-00248,2024-03-08,IT,Hardware,Vendor_H,27399,-2.45,Level 1,Clear
TXN-00249,2024-03-11,Manufacturing,Raw Material,Vendor_B,96736,-4.79,Level 2,Clear
TXN-00250,2024-02-29,Marketing,Events,Vendor_G,33388,-2.9,Level 1,Clear
TXN-00251,2024-03-15,IT,Software Licenses,Vendor_G,224420,-4.89,Level 3,Clear
TXN-00252,2024-02-05,IT,Software Licenses,Vendor_G,256774,1.14,Level 3,Clear
TXN-00253,2024-03-14,Logistics,Freight,Vendor_C,689104,31.98,Level 2,Review_Required
TXN-00254,2024-03-16,Manufacturing,Raw Material,Vendor_F,18103,4.18,Level 1,Clear
TXN-00255,2024-01-12,Marketing,Events,Vendor_B,283625,-0.08,Level 3,Clear
TXN-00256,2024-01-21,IT,Software Licenses,Vendor_D,235380,-4.43,Level 3,Clear
TXN-00257,2024-02-04,IT,Software Licenses,Vendor_B,170325,4.58,Level 2,Clear
TXN-00258,2024-02-11,IT,Software Licenses,Vendor_F,126907,1.95,Level 2,Clear
TXN-00259,2024-01-12,IT,Software Licenses,Vendor_H,156459,-3.67,Level 2,Clear
TXN-00260,2024-02-26,IT,Software Licenses,Vendor_E,330389,2.87,Level 3,Clear
TXN-00261,2024-02-07,Logistics,Warehousing,Vendor_C,411888,34.06,Level 3,Review_Required
TXN-00262,2024-01-11,IT,Hardware,Vendor_B,381071,1.1,Level 3,Clear
TXN-00263,2024-03-26,IT,Software Licenses,Vendor_F,139322,-2.57,Level 2,Clear
TXN-00264,2024-01-03,IT,Software Licenses,Vendor_H,458741,2.25,Level 3,Clear
TXN-00265,2024-01-19,IT,Hardware,Vendor_F,273730,4.12,Level 3,Clear
TXN-00266,2024-02-10,Manufacturing,Raw Material,Vendor_D,16570,0.53,Level 1,Clear
TXN-00267,2024-01-20,Logistics,Warehousing,Vendor_D,450133,3.69,Level 3,Clear
TXN-00268,2024-03-12,Manufacturing,Raw Material,Vendor_H,210725,3.72,Level 3,Clear
TXN-00269,2024-03-10,HR,Training,Vendor_A,59642,-3.27,Level 2,Clear
TXN-00270,2024-03-07,Manufacturing,Equipment Maintenance,Vendor_B,293818,4.22,Level 3,Clear
TXN-00271,2024-01-23,Logistics,Warehousing,Vendor_F,21854,-0.56,Level 1,Clear
TXN-00272,2024-02-08,Marketing,Digital Ads,Vendor_D,187900,-2.16,Level 2,Clear
TXN-00273,2024-03-31,Manufacturing,Raw Material,Vendor_E,164103,-4.35,Level 2,Clear
TXN-00274,2024-01-05,Logistics,Warehousing,Vendor_H,370791,-4.69,Level 3,Clear
TXN-00275,2024-03-05,Logistics,Warehousing,Vendor_E,466327,-2.48,Level 3,Clear
TXN-00276,2024-03-06,Manufacturing,Equipment Maintenance,Vendor_C,104840,-4.61,Level 2,Clear
TXN-00277,2024-02-15,Logistics,Warehousing,Vendor_F,204185,0.23,Level 3,Clear
TXN-00278,2024-03-07,HR,Recruitment,Vendor_A,105810,4.73,Level 2,Clear
TXN-00279,2024-03-07,Manufacturing,Equipment Maintenance,Vendor_F,72271,-0.13,Level 2,Clear
TXN-00280,2024-01-20,Logistics,Freight,Vendor_D,401487,4.54,Level 3,Clear
TXN-00281,2024-01-07,Logistics,Warehousing,Vendor_H,430800,1.6,Level 3,Clear
TXN-00282,2024-03-09,IT,Hardware,Vendor_C,417618,-2.74,Level 3,Clear
TXN-00283,2024-01-14,IT,Hardware,Vendor_E,389673,-0.29,Level 3,Clear
TXN-00284,2024-03-30,Marketing,Digital Ads,Vendor_D,82786,-1.29,Level 2,Clear
TXN-00285,2024-02-02,HR,Recruitment,Vendor_A,36077,-0.35,Level 1,Clear
TXN-00286,2024-01-16,Logistics,Warehousing,Vendor_G,316514,2.36,Level 3,Clear
TXN-00287,2024-01-25,Manufacturing,Equipment Maintenance,Vendor_D,72860,-1.54,Level 2,Clear
TXN-00288,2024-03-12,Marketing,Digital Ads,Vendor_C,95369,3.42,Level 2,Clear
TXN-00289,2024-03-21,Logistics,Warehousing,Vendor_H,400742,3.55,Level 3,Clear
TXN-00290,2024-03-14,Marketing,Digital Ads,Vendor_A,168317,-1.79,Level 2,Clear
TXN-00291,2024-03-06,IT,Hardware,Vendor_B,261759,-2.17,Level 3,Clear
TXN-00292,2024-02-15,IT,Software Licenses,Vendor_C,39216,-1.8,Level 1,Clear
TXN-00293,2024-02-06,Logistics,Freight,Vendor_G,413185,-3.23,Level 3,Clear
TXN-00294,2024-01-06,HR,Recruitment,Vendor_H,392849,1.49,Level 3,Clear
TXN-00295,2024-02-08,HR,Recruitment,Vendor_H,322996,0.26,Level 3,Clear
TXN-00296,2024-03-23,IT,Software Licenses,Vendor_D,276293,1.85,Level 3,Clear
TXN-00297,2024-03-24,IT,Software Licenses,Vendor_G,168398,-4.02,Level 2,Clear
TXN-00298,2024-03-28,HR,Recruitment,Vendor_A,140027,4.02,Level 2,Clear
TXN-00299,2024-01-16,HR,Recruitment,Vendor_H,62654,-3.11,Level 2,Clear
TXN-00300,2024-03-26,Logistics,Freight,Vendor_C,472353,29.26,Level 3,Review_Required
TXN-00301,2024-01-10,Marketing,Events,Vendor_H,271517,2.0,Level 3,Clear
TXN-00302,2024-02-01,Manufacturing,Equipment Maintenance,Vendor_B,318219,4.97,Level 3,Clear
TXN-00303,2024-03-29,IT,Hardware,Vendor_A,138986,3.37,Level 2,Clear
TXN-00304,2024-03-07,Logistics,Freight,Vendor_D,275486,4.33,Level 3,Clear
TXN-00305,2024-01-10,Logistics,Warehousing,Vendor_B,206149,2.31,Level 3,Clear
TXN-00306,2024-03-26,HR,Training,Vendor_C,444077,-3.61,Level 3,Clear
TXN-00307,2024-03-30,Marketing,Events,Vendor_C,81064,-0.68,Level 2,Clear
TXN-00308,2024-01-03,Logistics,Warehousing,Vendor_G,189610,-4.61,Level 2,Clear
TXN-00309,2024-02-13,HR,Recruitment,Vendor_E,259164,-3.91,Level 3,Clear
TXN-00310,2024-03-27,Manufacturing,Equipment Maintenance,Vendor_A,461799,-1.12,Level 3,Clear
TXN-00311,2024-02-04,IT,Software Licenses,Vendor_E,306970,3.68,Level 3,Clear
TXN-00312,2024-03-30,HR,Training,Vendor_A,325395,-0.86,Level 3,Clear
TXN-00313,2024-02-27,HR,Recruitment,Vendor_H,97800,2.15,Level 2,Clear
TXN-00314,2024-01-15,IT,Hardware,Vendor_E,419496,3.74,Level 3,Clear
TXN-00315,2024-01-18,HR,Recruitment,Vendor_A,152436,4.54,Level 2,Clear
TXN-00316,2024-01-17,HR,Training,Vendor_A,180008,1.08,Level 2,Clear
TXN-00317,2024-01-11,Manufacturing,Raw Material,Vendor_F,373769,0.49,Level 3,Clear
TXN-00318,2024-01-15,IT,Software Licenses,Vendor_B,471477,-3.19,Level 3,Clear
TXN-00319,2024-03-03,HR,Recruitment,Vendor_E,450039,-3.27,Level 3,Clear
TXN-00320,2024-03-31,Logistics,Warehousing,Vendor_A,406325,4.3,Level 3,Clear
TXN-00321,2024-03-28,Marketing,Digital Ads,Vendor_B,334257,4.92,Level 3,Clear
TXN-00322,2024-03-01,IT,Hardware,Vendor_D,403812,-1.61,Level 3,Clear
TXN-00323,2024-02-27,HR,Recruitment,Vendor_B,120226,3.91,Level 2,Clear
TXN-00324,2024-02-19,Logistics,Warehousing,Vendor_A,14280,3.61,Level 1,Clear
TXN-00325,2024-01-08,HR,Recruitment,Vendor_B,245065,-3.06,Level 3,Clear
TXN-00326,2024-01-22,Logistics,Freight,Vendor_H,90647,3.34,Level 2,Clear
TXN-00327,2024-02-13,Manufacturing,Equipment Maintenance,Vendor_F,221321,0.01,Level 3,Clear
TXN-00328,2024-01-17,IT,Hardware,Vendor_B,409133,2.73,Level 3,Clear
TXN-00329,2024-01-13,Logistics,Warehousing,Vendor_F,65019,1.74,Level 2,Clear
TXN-00330,2024-01-19,IT,Hardware,Vendor_G,342166,4.68,Level 3,Clear
TXN-00331,2024-02-18,IT,Software Licenses,Vendor_B,404086,4.6,Level 3,Clear
TXN-00332,2024-01-12,Manufacturing,Raw Material,Vendor_D,126750,-4.69,Level 2,Clear
TXN-00333,2024-03-01,Marketing,Events,Vendor_E,89143,3.22,Level 2,Clear
TXN-00334,2024-02-17,Marketing,Events,Vendor_B,202599,-3.79,Level 3,Clear
TXN-00335,2024-01-21,IT,Hardware,Vendor_H,96570,3.09,Level 2,Clear
TXN-00336,2024-01-15,HR,Recruitment,Vendor_E,393150,1.83,Level 3,Clear
TXN-00337,2024-01-25,IT,Hardware,Vendor_A,92205,-4.8,Level 2,Clear
TXN-00338,2024-03-10,Manufacturing,Raw Material,Vendor_G,304917,-1.72,Level 3,Clear
TXN-00339,2024-03-12,HR,Training,Vendor_D,287802,0.87,Level 3,Clear
TXN-00340,2024-03-29,Manufacturing,Raw Material,Vendor_H,121596,-4.76,Level 2,Clear
TXN-00341,2024-02-27,HR,Training,Vendor_G,78119,-4.57,Level 2,Clear
TXN-00342,2024-03-28,Manufacturing,Equipment Maintenance,Vendor_D,28000,-3.17,Level 1,Clear
TXN-00343,2024-01-26,IT,Software Licenses,Vendor_B,128460,3.46,Level 2,Clear
TXN-00344,2024-02-13,Manufacturing,Raw Material,Vendor_H,275828,0.79,Level 3,Clear
TXN-00345,2024-03-27,HR,Training,Vendor_G,33534,-4.52,Level 1,Clear
TXN-00346,2024-02-14,IT,Software Licenses,Vendor_E,318375,-3.87,Level 3,Clear
TXN-00347,2024-02-29,Marketing,Events,Vendor_B,268289,-1.36,Level 3,Clear
TXN-00348,2024-01-15,Logistics,Freight,Vendor_E,303532,-3.8,Level 3,Clear
TXN-00349,2024-01-04,HR,Recruitment,Vendor_B,24547,1.57,Level 1,Clear
TXN-00350,2024-01-27,Logistics,Freight,Vendor_H,418539,-0.6,Level 3,Clear
TXN-00351,2024-01-17,Logistics,Freight,Vendor_D,251298,-4.8,Level 3,Clear
TXN-00352,2024-02-06,Manufacturing,Equipment Maintenance,Vendor_G,248178,1.88,Level 3,Clear
TXN-00353,2024-01-07,HR,Training,Vendor_E,205977,4.17,Level 3,Clear
TXN-00354,2024-03-24,HR,Recruitment,Vendor_B,309665,-1.67,Level 3,Clear
TXN-00355,2024-02-12,HR,Recruitment,Vendor_B,309542,-4.27,Level 3,Clear
TXN-00356,2024-03-02,Manufacturing,Equipment Maintenance,Vendor_G,253888,-0.21,Level 3,Clear
TXN-00357,2024-03-28,Marketing,Events,Vendor_H,229694,3.47,Level 3,Clear
TXN-00358,2024-01-25,Marketing,Events,Vendor_G,67897,3.5,Level 2,Clear
TXN-00359,2024-02-14,IT,Hardware,Vendor_B,287113,-3.75,Level 3,Clear
TXN-00360,2024-03-15,Logistics,Freight,Vendor_A,464064,1.29,Level 3,Clear
TXN-00361,2024-02-25,IT,Software Licenses,Vendor_F,100262,3.88,Level 2,Clear
TXN-00362,2024-03-10,Marketing,Events,Vendor_B,278443,4.63,Level 3,Clear
TXN-00363,2024-02-18,Manufacturing,Raw Material,Vendor_F,182320,-1.38,Level 2,Clear
TXN-00364,2024-01-31,Marketing,Digital Ads,Vendor_C,372840,3.1,Level 3,Clear
TXN-00365,2024-01-25,HR,Training,Vendor_H,146942,3.32,Level 2,Clear
TXN-00366,2024-03-18,Manufacturing,Raw Material,Vendor_D,489940,-1.23,Level 3,Clear
TXN-00367,2024-03-17,Logistics,Freight,Vendor_G,210910,1.97,Level 3,Clear
TXN-00368,2024-03-03,IT,Software Licenses,Vendor_D,489154,1.92,Level 3,Clear
TXN-00369,2024-02-21,Logistics,Warehousing,Vendor_G,197236,-4.2,Level 2,Clear
TXN-00370,2024-03-11,IT,Hardware,Vendor_F,193665,-1.09,Level 2,Clear
TXN-00371,2024-01-24,IT,Hardware,Vendor_D,450904,-1.93,Level 3,Clear
TXN-00372,2024-03-01,Manufacturing,Raw Material,Vendor_A,298999,-4.36,Level 3,Clear
TXN-00373,2024-01-08,HR,Training,Vendor_B,261865,-0.07,Level 3,Clear
TXN-00374,2024-01-12,Manufacturing,Raw Material,Vendor_E,103363,3.88,Level 2,Clear
TXN-00375,2024-01-16,HR,Training,Vendor_B,149556,-3.3,Level 2,Clear
TXN-00376,2024-01-30,Manufacturing,Equipment Maintenance,Vendor_C,467896,-3.98,Level 3,Clear
TXN-00377,2024-01-07,IT,Software Licenses,Vendor_H,347904,2.57,Level 3,Clear
TXN-00378,2024-01-14,IT,Hardware,Vendor_E,68884,-4.56,Level 2,Clear
TXN-00379,2024-01-25,Logistics,Warehousing,Vendor_F,187532,-0.67,Level 2,Clear
TXN-00380,2024-02-19,Manufacturing,Raw Material,Vendor_A,258168,-2.71,Level 3,Clear
TXN-00381,2024-03-24,HR,Recruitment,Vendor_E,165584,2.99,Level 2,Clear
TXN-00382,2024-02-01,IT,Software Licenses,Vendor_H,135233,0.47,Level 2,Clear
TXN-00383,2024-02-25,Marketing,Events,Vendor_H,351252,0.24,Level 3,Clear
TXN-00384,2024-02-28,Marketing,Events,Vendor_A,92760,0.14,Level 2,Clear
TXN-00385,2024-01-08,IT,Hardware,Vendor_G,301681,1.58,Level 3,Clear
TXN-00386,2024-03-16,Marketing,Digital Ads,Vendor_B,360001,-2.99,Level 3,Clear
TXN-00387,2024-02-11,Manufacturing,Raw Material,Vendor_D,303695,-3.65,Level 3,Clear
TXN-00388,2024-03-18,Logistics,Warehousing,Vendor_E,225297,-4.41,Level 3,Clear
TXN-00389,2024-02-25,Marketing,Digital Ads,Vendor_A,458829,-3.62,Level 3,Clear
TXN-00390,2024-02-08,Manufacturing,Raw Material,Vendor_G,223617,3.94,Level 3,Clear
TXN-00391,2024-01-19,Marketing,Digital Ads,Vendor_H,68755,-0.57,Level 2,Clear
TXN-00392,2024-02-14,Manufacturing,Raw Material,Vendor_B,361765,-1.02,Level 3,Clear
TXN-00393,2024-02-08,Manufacturing,Raw Material,Vendor_A,446708,3.79,Level 3,Clear
TXN-00394,2024-02-19,Manufacturing,Equipment Maintenance,Vendor_H,219107,-2.22,Level 3,Clear
TXN-00395,2024-02-01,HR,Recruitment,Vendor_H,411001,1.76,Level 3,Clear
TXN-00396,2024-03-18,Manufacturing,Equipment Maintenance,Vendor_E,213185,1.9,Level 3,Clear
TXN-00397,2024-01-04,Logistics,Warehousing,Vendor_H,176887,-3.9,Level 2,Clear
TXN-00398,2024-02-16,Marketing,Digital Ads,Vendor_H,125700,2.01,Level 2,Clear
TXN-00399,2024-02-26,HR,Recruitment,Vendor_D,321338,4.72,Level 3,Clear
TXN-00400,2024-03-06,HR,Recruitment,Vendor_B,21762,-1.45,Level 1,Clear
TXN-00401,2024-03-03,HR,Training,Vendor_D,57156,3.42,Level 2,Clear
TXN-00402,2024-03-06,Marketing,Digital Ads,Vendor_F,214165,-2.66,Level 3,Clear
TXN-00403,2024-01-08,IT,Hardware,Vendor_G,22026,4.72,Level 1,Clear
TXN-00404,2024-01-27,Logistics,Freight,Vendor_D,413927,-0.97,Level 3,Clear
TXN-00405,2024-02-22,IT,Software Licenses,Vendor_H,201848,0.75,Level 3,Clear
TXN-00406,2024-01-07,Manufacturing,Raw Material,Vendor_D,344256,-2.87,Level 3,Clear
TXN-00407,2024-03-11,Marketing,Digital Ads,Vendor_F,323563,1.11,Level 3,Clear
TXN-00408,2024-01-05,Manufacturing,Raw Material,Vendor_A,414027,0.78,Level 3,Clear
TXN-00409,2024-01-28,HR,Recruitment,Vendor_C,132813,1.36,Level 2,Clear
TXN-00410,2024-02-29,HR,Training,Vendor_B,105190,3.7,Level 2,Clear
TXN-00411,2024-01-14,HR,Training,Vendor_B,301736,-3.02,Level 3,Clear
TXN-00412,2024-03-21,Marketing,Events,Vendor_B,232190,-1.97,Level 3,Clear
TXN-00413,2024-03-03,Marketing,Digital Ads,Vendor_D,199380,3.82,Level 2,Clear
TXN-00414,2024-02-04,Marketing,Digital Ads,Vendor_E,357996,2.09,Level 3,Clear
TXN-00415,2024-01-06,HR,Recruitment,Vendor_C,183826,-3.04,Level 2,Clear
TXN-00416,2024-02-06,IT,Software Licenses,Vendor_B,282537,0.72,Level 3,Clear
TXN-00417,2024-01-21,Logistics,Warehousing,Vendor_C,687240,31.5,Level 3,Review_Required
TXN-00418,2024-02-14,Manufacturing,Equipment Maintenance,Vendor_F,102067,2.32,Level 2,Clear
TXN-00419,2024-03-19,IT,Software Licenses,Vendor_B,113074,-1.31,Level 2,Clear
TXN-00420,2024-02-02,IT,Software Licenses,Vendor_B,129910,-3.54,Level 2,Clear
TXN-00421,2024-02-09,Marketing,Digital Ads,Vendor_A,498222,-1.86,Level 3,Clear
TXN-00422,2024-03-30,IT,Software Licenses,Vendor_H,219509,1.44,Level 3,Clear
TXN-00423,2024-01-11,HR,Training,Vendor_B,322558,4.12,Level 3,Clear
TXN-00424,2024-02-15,HR,Training,Vendor_F,431541,2.29,Level 3,Clear
TXN-00425,2024-02-11,Marketing,Digital Ads,Vendor_A,303868,1.81,Level 3,Clear
TXN-00426,2024-03-16,IT,Hardware,Vendor_B,84314,0.79,Level 2,Clear
TXN-00427,2024-02-04,IT,Software Licenses,Vendor_H,100288,-2.68,Level 2,Clear
TXN-00428,2024-02-07,IT,Software Licenses,Vendor_F,271874,-2.96,Level 3,Clear
TXN-00429,2024-02-05,HR,Recruitment,Vendor_C,296549,1.5,Level 3,Clear
TXN-00430,2024-02-18,Logistics,Freight,Vendor_C,468059,20.37,Level 2,Review_Required
TXN-00431,2024-01-30,Logistics,Warehousing,Vendor_G,157360,4.88,Level 2,Clear
TXN-00432,2024-03-05,Marketing,Digital Ads,Vendor_G,202786,-3.55,Level 3,Clear
TXN-00433,2024-01-24,Manufacturing,Raw Material,Vendor_C,207091,1.29,Level 3,Clear
TXN-00434,2024-02-18,Marketing,Events,Vendor_G,172517,2.67,Level 2,Clear
TXN-00435,2024-01-01,Marketing,Events,Vendor_G,65889,-2.64,Level 2,Clear
TXN-00436,2024-01-18,Logistics,Warehousing,Vendor_G,265622,-3.47,Level 3,Clear
TXN-00437,2024-01-28,IT,Software Licenses,Vendor_G,272052,-1.44,Level 3,Clear
TXN-00438,2024-03-27,IT,Software Licenses,Vendor_A,245736,-1.54,Level 3,Clear
TXN-00439,2024-02-11,Logistics,Warehousing,Vendor_B,15895,-4.76,Level 1,Clear
TXN-00440,2024-03-11,IT,Hardware,Vendor_D,19079,2.42,Level 1,Clear
TXN-00441,2024-01-02,Logistics,Warehousing,Vendor_E,346160,3.2,Level 3,Clear
TXN-00442,2024-01-16,Marketing,Events,Vendor_C,347827,-4.75,Level 3,Clear
TXN-00443,2024-02-03,IT,Hardware,Vendor_F,420164,2.9,Level 3,Clear
TXN-00444,2024-02-29,Marketing,Events,Vendor_B,412709,0.1,Level 3,Clear
TXN-00445,2024-02-01,Manufacturing,Raw Material,Vendor_C,262268,4.62,Level 3,Clear
TXN-00446,2024-03-01,HR,Recruitment,Vendor_H,294511,2.19,Level 3,Clear
TXN-00447,2024-01-14,Logistics,Freight,Vendor_C,707307,21.91,Level 1,Review_Required
TXN-00448,2024-03-09,Manufacturing,Raw Material,Vendor_H,70036,3.35,Level 2,Clear
TXN-00449,2024-03-27,IT,Software Licenses,Vendor_A,113956,-2.26,Level 2,Clear
TXN-00450,2024-01-06,Marketing,Events,Vendor_E,37687,-0.14,Level 1,Clear
TXN-00451,2024-01-14,IT,Software Licenses,Vendor_G,124399,1.56,Level 2,Clear
TXN-00452,2024-01-14,Manufacturing,Raw Material,Vendor_G,316388,-4.72,Level 3,Clear
TXN-00453,2024-01-01,HR,Training,Vendor_E,70702,1.92,Level 2,Clear
TXN-00454,2024-01-11,HR,Training,Vendor_E,63648,-3.54,Level 2,Clear
TXN-00455,2024-02-01,HR,Recruitment,Vendor_B,218856,0.38,Level 3,Clear
TXN-00456,2024-02-08,HR,Recruitment,Vendor_A,435657,-1.24,Level 3,Clear
TXN-00457,2024-03-14,Manufacturing,Raw Material,Vendor_D,347145,-0.4,Level 3,Clear
TXN-00458,2024-02-22,HR,Training,Vendor_G,97265,4.71,Level 2,Clear
TXN-00459,2024-01-27,Manufacturing,Equipment Maintenance,Vendor_C,389911,-4.15,Level 3,Clear
TXN-00460,2024-02-09,HR,Training,Vendor_G,174702,-1.67,Level 2,Clear
TXN-00461,2024-03-22,IT,Hardware,Vendor_D,344078,-1.75,Level 3,Clear
TXN-00462,2024-01-07,IT,Software Licenses,Vendor_D,469800,2.98,Level 3,Clear
TXN-00463,2024-01-04,Marketing,Digital Ads,Vendor_G,78415,0.96,Level 2,Clear
TXN-00464,2024-02-17,HR,Recruitment,Vendor_A,153508,-1.27,Level 2,Clear
TXN-00465,2024-03-16,Marketing,Digital Ads,Vendor_B,399907,-4.0,Level 3,Clear
TXN-00466,2024-02-12,Marketing,Digital Ads,Vendor_H,178062,4.85,Level 2,Clear
TXN-00467,2024-01-25,Manufacturing,Equipment Maintenance,Vendor_B,456734,-4.49,Level 3,Clear
TXN-00468,2024-02-09,IT,Software Licenses,Vendor_C,156053,-4.24,Level 2,Clear
TXN-00469,2024-02-22,Marketing,Events,Vendor_D,472100,2.38,Level 3,Clear
TXN-00470,2024-03-04,Marketing,Digital Ads,Vendor_C,148850,-3.95,Level 2,Clear
TXN-00471,2024-02-27,Logistics,Warehousing,Vendor_H,197218,2.06,Level 2,Clear
TXN-00472,2024-02-17,IT,Hardware,Vendor_E,344584,4.42,Level 3,Clear
TXN-00473,2024-01-23,Manufacturing,Raw Material,Vendor_D,74257,2.22,Level 2,Clear
TXN-00474,2024-01-29,HR,Training,Vendor_H,314674,3.23,Level 3,Clear
TXN-00475,2024-01-07,Marketing,Events,Vendor_C,122919,-2.04,Level 2,Clear
TXN-00476,2024-02-10,HR,Recruitment,Vendor_A,269195,2.47,Level 3,Clear
TXN-00477,2024-02-16,Manufacturing,Raw Material,Vendor_G,55267,2.34,Level 2,Clear
TXN-00478,2024-03-05,Marketing,Events,Vendor_A,309581,-2.02,Level 3,Clear
TXN-00479,2024-02-10,Logistics,Freight,Vendor_H,396822,4.63,Level 3,Clear
TXN-00480,2024-02-28,Manufacturing,Raw Material,Vendor_H,70715,4.69,Level 2,Clear
TXN-00481,2024-01-01,Manufacturing,Equipment Maintenance,Vendor_B,280271,2.46,Level 3,Clear
TXN-00482,2024-03-25,Marketing,Events,Vendor_E,43326,-3.85,Level 1,Clear
TXN-00483,2024-01-26,Manufacturing,Raw Material,Vendor_C,493314,-1.73,Level 3,Clear
TXN-00484,2024-01-01,Manufacturing,Equipment Maintenance,Vendor_E,153437,-4.38,Level 2,Clear
TXN-00485,2024-01-15,Logistics,Warehousing,Vendor_D,42869,1.5,Level 1,Clear
TXN-00486,2024-02-09,Logistics,Freight,Vendor_D,266884,-3.83,Level 3,Clear
TXN-00487,2024-01-06,Marketing,Events,Vendor_C,460575,-4.14,Level 3,Clear
TXN-00488,2024-03-26,Marketing,Events,Vendor_H,482921,4.76,Level 3,Clear
TXN-00489,2024-03-06,Logistics,Warehousing,Vendor_D,212096,1.49,Level 3,Clear
TXN-00490,2024-01-13,HR,Training,Vendor_G,457103,-0.06,Level 3,Clear
TXN-00491,2024-02-24,Manufacturing,Equipment Maintenance,Vendor_E,492287,4.81,Level 3,Clear
TXN-00492,2024-01-14,Marketing,Digital Ads,Vendor_D,18425,4.16,Level 1,Clear
TXN-00493,2024-03-21,Logistics,Warehousing,Vendor_E,250762,-4.24,Level 3,Clear
TXN-00494,2024-02-01,HR,Recruitment,Vendor_A,276561,4.25,Level 3,Clear
TXN-00495,2024-01-08,IT,Software Licenses,Vendor_F,270187,-4.63,Level 3,Clear
TXN-00496,2024-01-13,Marketing,Digital Ads,Vendor_D,323863,4.86,Level 3,Clear
TXN-00497,2024-01-03,Logistics,Warehousing,Vendor_A,258129,-3.4,Level 3,Clear
TXN-00498,2024-01-08,Marketing,Digital Ads,Vendor_B,276004,-3.69,Level 3,Clear
TXN-00499,2024-02-11,IT,Software Licenses,Vendor_H,261150,1.88,Level 3,Clear
TXN-00500,2024-02-20,Logistics,Freight,Vendor_A,471126,2.22,Level 3,Clear
TXN-00501,2024-03-26,HR,Training,Vendor_D,56113,-4.45,Level 2,Clear
TXN-00502,2024-01-16,Logistics,Warehousing,Vendor_E,408911,3.71,Level 3,Clear
TXN-00503,2024-01-17,Marketing,Digital Ads,Vendor_H,466891,-2.84,Level 3,Clear
TXN-00504,2024-01-27,Marketing,Digital Ads,Vendor_F,476621,-4.54,Level 3,Clear
TXN-00505,2024-02-22,Logistics,Warehousing,Vendor_A,357943,-4.32,Level 3,Clear
TXN-00506,2024-03-27,Manufacturing,Equipment Maintenance,Vendor_B,413058,2.86,Level 3,Clear
TXN-00507,2024-02-21,Manufacturing,Raw Material,Vendor_D,452887,2.05,Level 3,Clear
TXN-00508,2024-02-25,HR,Training,Vendor_H,198425,-3.36,Level 2,Clear
TXN-00509,2024-03-05,Logistics,Freight,Vendor_B,126641,-3.64,Level 2,Clear
TXN-00510,2024-01-06,HR,Training,Vendor_D,488513,-3.09,Level 3,Clear
TXN-00511,2024-01-21,Logistics,Freight,Vendor_A,456505,-1.37,Level 3,Clear
TXN-00512,2024-02-16,Logistics,Freight,Vendor_G,198947,0.38,Level 2,Clear
TXN-00513,2024-03-07,Marketing,Events,Vendor_C,262982,2.41,Level 3,Clear
TXN-00514,2024-02-09,Manufacturing,Equipment Maintenance,Vendor_G,98111,-2.72,Level 2,Clear
TXN-00515,2024-03-16,IT,Hardware,Vendor_H,317988,1.06,Level 3,Clear
TXN-00516,2024-03-18,IT,Software Licenses,Vendor_C,65830,3.01,Level 2,Clear
TXN-00517,2024-02-27,HR,Recruitment,Vendor_D,161952,-1.34,Level 2,Clear
TXN-00518,2024-02-23,HR,Recruitment,Vendor_H,440373,0.11,Level 3,Clear
TXN-00519,2024-03-06,HR,Recruitment,Vendor_B,42554,4.69,Level 1,Clear
TXN-00520,2024-01-06,IT,Software Licenses,Vendor_D,246923,-0.49,Level 3,Clear
TXN-00521,2024-03-25,Logistics,Freight,Vendor_H,392891,-4.39,Level 3,Clear
TXN-00522,2024-01-29,Marketing,Digital Ads,Vendor_A,389893,-1.97,Level 3,Clear
TXN-00523,2024-02-22,HR,Recruitment,Vendor_E,10298,-2.61,Level 1,Clear
TXN-00524,2024-01-25,Logistics,Warehousing,Vendor_C,651212,24.67,Level 3,Review_Required
TXN-00525,2024-01-23,Manufacturing,Raw Material,Vendor_B,87202,-3.54,Level 2,Clear
TXN-00526,2024-02-25,HR,Training,Vendor_E,440918,0.98,Level 3,Clear
TXN-00527,2024-02-08,Marketing,Digital Ads,Vendor_G,308223,-4.91,Level 3,Clear
TXN-00528,2024-01-07,Marketing,Digital Ads,Vendor_H,11857,-2.51,Level 1,Clear
TXN-00529,2024-02-03,Logistics,Warehousing,Vendor_B,484712,-1.44,Level 3,Clear
TXN-00530,2024-01-22,HR,Recruitment,Vendor_H,344907,0.2,Level 3,Clear
TXN-00531,2024-01-06,Manufacturing,Raw Material,Vendor_G,304331,-2.79,Level 3,Clear
TXN-00532,2024-03-01,Manufacturing,Equipment Maintenance,Vendor_C,398952,3.22,Level 3,Clear
TXN-00533,2024-01-20,HR,Training,Vendor_E,458835,-0.11,Level 3,Clear
TXN-00534,2024-03-05,Marketing,Digital Ads,Vendor_D,422607,2.75,Level 3,Clear
TXN-00535,2024-02-29,Marketing,Events,Vendor_D,499836,-2.45,Level 3,Clear
TXN-00536,2024-02-19,Marketing,Digital Ads,Vendor_A,253615,-0.27,Level 3,Clear
TXN-00537,2024-03-22,Logistics,Freight,Vendor_A,254351,-1.01,Level 3,Clear
TXN-00538,2024-03-31,IT,Software Licenses,Vendor_F,443728,-0.64,Level 3,Clear
TXN-00539,2024-03-12,Marketing,Events,Vendor_D,114486,2.63,Level 2,Clear
TXN-00540,2024-02-03,Logistics,Freight,Vendor_H,48448,1.18,Level 1,Clear
TXN-00541,2024-01-08,Logistics,Warehousing,Vendor_C,527812,16.31,Level 3,Review_Required
TXN-00542,2024-02-22,Manufacturing,Equipment Maintenance,Vendor_H,177830,0.06,Level 2,Clear
TXN-00543,2024-01-30,Marketing,Digital Ads,Vendor_E,207784,0.52,Level 3,Clear
TXN-00544,2024-03-23,Logistics,Freight,Vendor_A,407174,-0.18,Level 3,Clear
TXN-00545,2024-03-07,Manufacturing,Raw Material,Vendor_B,464896,-4.55,Level 3,Clear
TXN-00546,2024-03-15,Manufacturing,Equipment Maintenance,Vendor_G,235648,-0.9,Level 3,Clear
TXN-00547,2024-03-08,HR,Recruitment,Vendor_C,156708,3.7,Level 2,Clear
TXN-00548,2024-01-07,IT,Software Licenses,Vendor_E,121380,3.16,Level 2,Clear
TXN-00549,2024-02-14,IT,Software Licenses,Vendor_A,132484,-0.44,Level 2,Clear
TXN-00550,2024-02-14,HR,Training,Vendor_G,499881,2.32,Level 3,Clear
TXN-00551,2024-03-14,HR,Training,Vendor_G,140959,3.5,Level 2,Clear
TXN-00552,2024-02-08,Manufacturing,Raw Material,Vendor_G,18365,-1.66,Level 1,Clear
TXN-00553,2024-02-11,Manufacturing,Equipment Maintenance,Vendor_G,339504,4.68,Level 3,Clear
TXN-00554,2024-02-22,Manufacturing,Equipment Maintenance,Vendor_G,120779,0.82,Level 2,Clear
TXN-00555,2024-03-13,Manufacturing,Equipment Maintenance,Vendor_E,495024,-4.97,Level 3,Clear
TXN-00556,2024-03-25,Logistics,Warehousing,Vendor_H,347025,2.98,Level 3,Clear
TXN-00557,2024-03-26,Marketing,Digital Ads,Vendor_F,403185,-3.22,Level 3,Clear
TXN-00558,2024-01-21,Manufacturing,Equipment Maintenance,Vendor_F,401448,-1.92,Level 3,Clear
TXN-00559,2024-02-02,HR,Recruitment,Vendor_B,487738,-0.71,Level 3,Clear
TXN-00560,2024-03-24,IT,Software Licenses,Vendor_D,67233,-2.9,Level 2,Clear
TXN-00561,2024-02-08,Logistics,Freight,Vendor_C,756992,29.19,Level 2,Review_Required
TXN-00562,2024-03-20,Manufacturing,Raw Material,Vendor_G,457825,-3.18,Level 3,Clear
TXN-00563,2024-03-22,Marketing,Events,Vendor_E,201547,1.08,Level 3,Clear
TXN-00564,2024-02-04,HR,Recruitment,Vendor_H,45735,-2.47,Level 1,Clear
TXN-00565,2024-01-25,IT,Hardware,Vendor_E,146535,3.12,Level 2,Clear
TXN-00566,2024-02-14,Manufacturing,Equipment Maintenance,Vendor_H,261322,4.0,Level 3,Clear
TXN-00567,2024-02-25,IT,Hardware,Vendor_G,265987,4.17,Level 3,Clear
TXN-00568,2024-02-09,IT,Software Licenses,Vendor_C,130097,0.45,Level 2,Clear
TXN-00569,2024-03-21,IT,Software Licenses,Vendor_H,216483,2.07,Level 3,Clear
TXN-00570,2024-02-28,IT,Hardware,Vendor_C,29283,3.31,Level 1,Clear
TXN-00571,2024-03-16,HR,Training,Vendor_G,59634,-0.08,Level 2,Clear
TXN-00572,2024-02-03,Manufacturing,Raw Material,Vendor_E,323056,2.18,Level 3,Clear
TXN-00573,2024-02-23,HR,Training,Vendor_B,475664,-2.45,Level 3,Clear
TXN-00574,2024-02-12,Manufacturing,Raw Material,Vendor_G,362733,1.51,Level 3,Clear
TXN-00575,2024-03-13,Manufacturing,Raw Material,Vendor_C,303567,3.0,Level 3,Clear
TXN-00576,2024-03-10,Marketing,Events,Vendor_D,427312,3.75,Level 3,Clear
TXN-00577,2024-03-14,Logistics,Warehousing,Vendor_A,102921,3.78,Level 2,Clear
TXN-00578,2024-02-19,Logistics,Warehousing,Vendor_C,702930,17.16,Level 3,Review_Required
TXN-00579,2024-01-01,Logistics,Warehousing,Vendor_E,286773,-3.9,Level 3,Clear
TXN-00580,2024-01-01,HR,Training,Vendor_C,202918,-0.99,Level 3,Clear
TXN-00581,2024-02-01,HR,Training,Vendor_C,317196,-3.88,Level 3,Clear
TXN-00582,2024-03-08,IT,Hardware,Vendor_E,162408,4.71,Level 2,Clear
TXN-00583,2024-01-24,Logistics,Warehousing,Vendor_H,168544,2.23,Level 2,Clear
TXN-00584,2024-03-21,Manufacturing,Raw Material,Vendor_A,390825,-2.84,Level 3,Clear
TXN-00585,2024-01-21,Manufacturing,Equipment Maintenance,Vendor_D,414995,4.77,Level 3,Clear
TXN-00586,2024-01-12,Marketing,Events,Vendor_E,352860,-4.63,Level 3,Clear
TXN-00587,2024-01-18,Manufacturing,Raw Material,Vendor_A,168632,4.83,Level 2,Clear
TXN-00588,2024-03-07,HR,Recruitment,Vendor_G,425003,2.05,Level 3,Clear
TXN-00589,2024-02-29,IT,Software Licenses,Vendor_H,154943,2.73,Level 2,Clear
TXN-00590,2024-01-28,IT,Hardware,Vendor_F,472120,-3.87,Level 3,Clear
TXN-00591,2024-03-21,Marketing,Digital Ads,Vendor_B,460533,2.53,Level 3,Clear
TXN-00592,2024-02-21,HR,Recruitment,Vendor_A,217456,3.07,Level 3,Clear
TXN-00593,2024-01-04,Logistics,Freight,Vendor_A,103494,-4.61,Level 2,Clear
TXN-00594,2024-03-31,IT,Software Licenses,Vendor_G,397651,3.77,Level 3,Clear
TXN-00595,2024-03-30,Marketing,Digital Ads,Vendor_B,150845,0.81,Level 2,Clear
TXN-00596,2024-03-15,HR,Recruitment,Vendor_B,479485,0.15,Level 3,Clear
TXN-00597,2024-02-18,Marketing,Events,Vendor_H,409199,-2.65,Level 3,Clear
TXN-00598,2024-01-14,Marketing,Digital Ads,Vendor_D,65415,-0.33,Level 2,Clear
TXN-00599,2024-02-14,Marketing,Events,Vendor_E,283785,1.67,Level 3,Clear
TXN-00600,2024-02-14,HR,Training,Vendor_H,23343,4.8,Level 1,Clear
TXN-00601,2024-01-28,Manufacturing,Raw Material,Vendor_A,314306,-0.38,Level 3,Clear
TXN-00602,2024-03-11,IT,Hardware,Vendor_H,400961,3.89,Level 3,Clear
TXN-00603,2024-02-21,HR,Training,Vendor_C,446264,4.02,Level 3,Clear
TXN-00604,2024-02-27,HR,Recruitment,Vendor_B,390513,4.53,Level 3,Clear
TXN-00605,2024-03-22,Logistics,Warehousing,Vendor_H,180882,-3.48,Level 2,Clear
TXN-00606,2024-01-12,IT,Software Licenses,Vendor_H,395496,3.72,Level 3,Clear
TXN-00607,2024-03-09,HR,Recruitment,Vendor_B,347427,1.93,Level 3,Clear
TXN-00608,2024-03-31,IT,Software Licenses,Vendor_D,301570,-3.81,Level 3,Clear
TXN-00609,2024-01-21,Marketing,Events,Vendor_F,66498,2.34,Level 2,Clear
TXN-00610,2024-01-27,HR,Recruitment,Vendor_G,93537,4.32,Level 2,Clear
TXN-00611,2024-03-18,Logistics,Warehousing,Vendor_D,185136,-0.72,Level 2,Clear
TXN-00612,2024-03-30,Logistics,Warehousing,Vendor_G,233385,-3.2,Level 3,Clear
TXN-00613,2024-02-08,IT,Software Licenses,Vendor_B,367065,2.41,Level 3,Clear
TXN-00614,2024-03-15,Marketing,Digital Ads,Vendor_C,147930,-4.21,Level 2,Clear
TXN-00615,2024-02-17,Marketing,Events,Vendor_F,168910,3.58,Level 2,Clear
TXN-00616,2024-01-28,Manufacturing,Equipment Maintenance,Vendor_A,374802,-4.23,Level 3,Clear
TXN-00617,2024-02-06,Marketing,Digital Ads,Vendor_D,494584,0.52,Level 3,Clear
TXN-00618,2024-02-04,Marketing,Events,Vendor_D,410314,-4.95,Level 3,Clear
TXN-00619,2024-02-09,HR,Recruitment,Vendor_G,425249,1.45,Level 3,Clear
TXN-00620,2024-02-16,Logistics,Warehousing,Vendor_F,201425,-4.27,Level 3,Clear
TXN-00621,2024-03-01,IT,Software Licenses,Vendor_D,276383,-4.91,Level 3,Clear
TXN-00622,2024-02-09,Marketing,Digital Ads,Vendor_C,425886,4.51,Level 3,Clear
TXN-00623,2024-02-18,Marketing,Digital Ads,Vendor_E,322171,1.15,Level 3,Clear
TXN-00624,2024-01-05,IT,Software Licenses,Vendor_B,10664,-3.5,Level 1,Clear
TXN-00625,2024-01-07,Manufacturing,Equipment Maintenance,Vendor_F,462585,0.63,Level 3,Clear
TXN-00626,2024-02-07,Manufacturing,Raw Material,Vendor_G,105287,3.81,Level 2,Clear
TXN-00627,2024-01-19,IT,Hardware,Vendor_D,79711,3.31,Level 2,Clear
TXN-00628,2024-03-01,HR,Recruitment,Vendor_D,239329,3.99,Level 3,Clear
TXN-00629,2024-03-05,Logistics,Warehousing,Vendor_A,319377,4.48,Level 3,Clear
TXN-00630,2024-02-12,Logistics,Freight,Vendor_D,17744,-2.28,Level 1,Clear
TXN-00631,2024-01-08,Marketing,Events,Vendor_D,208002,0.3,Level 3,Clear
TXN-00632,2024-02-06,Logistics,Warehousing,Vendor_F,70646,-4.78,Level 2,Clear
TXN-00633,2024-03-20,Marketing,Digital Ads,Vendor_H,456707,1.0,Level 3,Clear
TXN-00634,2024-03-08,Marketing,Digital Ads,Vendor_G,61752,1.39,Level 2,Clear
TXN-00635,2024-02-07,Marketing,Digital Ads,Vendor_H,264550,-4.64,Level 3,Clear
TXN-00636,2024-03-03,Logistics,Warehousing,Vendor_G,288262,-3.39,Level 3,Clear
TXN-00637,2024-01-27,Marketing,Digital Ads,Vendor_C,456461,-4.16,Level 3,Clear
TXN-00638,2024-01-17,Manufacturing,Equipment Maintenance,Vendor_A,115930,2.9,Level 2,Clear
TXN-00639,2024-02-07,Marketing,Digital Ads,Vendor_A,75964,-2.42,Level 2,Clear
TXN-00640,2024-01-17,IT,Hardware,Vendor_B,331962,1.64,Level 3,Clear
TXN-00641,2024-03-07,Marketing,Digital Ads,Vendor_C,53251,-2.88,Level 2,Clear
TXN-00642,2024-01-04,Manufacturing,Equipment Maintenance,Vendor_B,11139,-3.2,Level 1,Clear
TXN-00643,2024-02-24,Logistics,Warehousing,Vendor_F,170639,-3.03,Level 2,Clear
TXN-00644,2024-01-29,Manufacturing,Equipment Maintenance,Vendor_B,144120,-4.63,Level 2,Clear
TXN-00645,2024-03-23,Logistics,Warehousing,Vendor_C,649281,22.61,Level 2,Review_Required
TXN-00646,2024-02-03,Manufacturing,Equipment Maintenance,Vendor_E,430821,1.62,Level 3,Clear
TXN-00647,2024-03-26,Logistics,Freight,Vendor_C,493830,16.76,Level 2,Review_Required
TXN-00648,2024-01-12,HR,Recruitment,Vendor_A,120204,0.6,Level 2,Clear
TXN-00649,2024-02-18,Manufacturing,Equipment Maintenance,Vendor_F,174193,-0.37,Level 2,Clear
TXN-00650,2024-02-27,HR,Recruitment,Vendor_C,22459,1.1,Level 1,Clear
TXN-00651,2024-03-04,Marketing,Events,Vendor_E,263646,0.07,Level 3,Clear
TXN-00652,2024-03-05,Manufacturing,Raw Material,Vendor_C,346692,4.19,Level 3,Clear
TXN-00653,2024-03-23,HR,Recruitment,Vendor_H,436011,-3.16,Level 3,Clear
TXN-00654,2024-01-14,Logistics,Freight,Vendor_A,349014,-1.72,Level 3,Clear
TXN-00655,2024-01-25,HR,Recruitment,Vendor_G,232123,-3.63,Level 3,Clear
TXN-00656,2024-03-13,Logistics,Freight,Vendor_G,133267,-1.14,Level 2,Clear
TXN-00657,2024-01-11,Manufacturing,Raw Material,Vendor_A,338608,0.35,Level 3,Clear
TXN-00658,2024-02-23,HR,Training,Vendor_G,239315,-0.82,Level 3,Clear
TXN-00659,2024-01-15,Logistics,Warehousing,Vendor_G,466096,-0.31,Level 3,Clear
TXN-00660,2024-03-26,Manufacturing,Equipment Maintenance,Vendor_B,332513,-4.42,Level 3,Clear
TXN-00661,2024-01-14,Logistics,Freight,Vendor_G,228432,-0.84,Level 3,Clear
TXN-00662,2024-03-23,Logistics,Warehousing,Vendor_H,235523,-3.21,Level 3,Clear
TXN-00663,2024-02-13,Marketing,Digital Ads,Vendor_D,62871,-4.46,Level 2,Clear
TXN-00664,2024-01-15,Manufacturing,Equipment Maintenance,Vendor_C,257481,1.32,Level 3,Clear
TXN-00665,2024-02-17,IT,Software Licenses,Vendor_H,495289,-1.48,Level 3,Clear
TXN-00666,2024-03-01,Logistics,Freight,Vendor_H,448966,2.09,Level 3,Clear
TXN-00667,2024-01-13,Logistics,Warehousing,Vendor_F,118612,0.04,Level 2,Clear
TXN-00668,2024-03-23,HR,Recruitment,Vendor_E,344026,0.21,Level 3,Clear
TXN-00669,2024-02-12,Manufacturing,Equipment Maintenance,Vendor_G,105266,2.99,Level 2,Clear
TXN-00670,2024-01-06,HR,Training,Vendor_G,393352,-2.95,Level 3,Clear
TXN-00671,2024-02-05,Manufacturing,Raw Material,Vendor_A,492157,3.24,Level 3,Clear
TXN-00672,2024-03-02,HR,Recruitment,Vendor_G,283416,-0.2,Level 3,Clear
TXN-00673,2024-03-15,HR,Recruitment,Vendor_B,274133,-1.32,Level 3,Clear
TXN-00674,2024-01-07,Manufacturing,Equipment Maintenance,Vendor_E,470461,4.36,Level 3,Clear
TXN-00675,2024-01-09,Marketing,Events,Vendor_C,355302,3.27,Level 3,Clear
TXN-00676,2024-03-30,Manufacturing,Raw Material,Vendor_A,429245,-2.52,Level 3,Clear
TXN-00677,2024-03-01,Logistics,Warehousing,Vendor_A,419841,-3.86,Level 3,Clear
TXN-00678,2024-01-04,Marketing,Events,Vendor_C,230935,4.17,Level 3,Clear
TXN-00679,2024-01-07,Marketing,Events,Vendor_B,223337,-2.59,Level 3,Clear
TXN-00680,2024-03-25,Marketing,Digital Ads,Vendor_F,275974,-2.84,Level 3,Clear
TXN-00681,2024-01-10,HR,Training,Vendor_B,263553,3.55,Level 3,Clear
TXN-00682,2024-02-29,Marketing,Events,Vendor_D,434581,-2.78,Level 3,Clear
TXN-00683,2024-02-24,Manufacturing,Equipment Maintenance,Vendor_G,47588,4.43,Level 1,Clear
TXN-00684,2024-01-30,IT,Hardware,Vendor_E,53280,-0.33,Level 2,Clear
TXN-00685,2024-03-09,HR,Recruitment,Vendor_F,309964,-1.75,Level 3,Clear
TXN-00686,2024-02-22,Manufacturing,Raw Material,Vendor_A,460335,3.2,Level 3,Clear
TXN-00687,2024-02-19,Manufacturing,Raw Material,Vendor_H,350641,3.58,Level 3,Clear
TXN-00688,2024-03-12,Manufacturing,Raw Material,Vendor_A,192430,2.04,Level 2,Clear
TXN-00689,2024-01-10,Manufacturing,Raw Material,Vendor_H,491533,-0.56,Level 3,Clear
TXN-00690,2024-01-05,Manufacturing,Raw Material,Vendor_E,125728,3.87,Level 2,Clear
TXN-00691,2024-01-01,HR,Recruitment,Vendor_D,456441,-2.92,Level 3,Clear
TXN-00692,2024-01-04,IT,Hardware,Vendor_G,224634,-3.78,Level 3,Clear
TXN-00693,2024-01-05,Manufacturing,Raw Material,Vendor_C,29946,-1.54,Level 1,Clear
TXN-00694,2024-02-05,Logistics,Warehousing,Vendor_A,421267,2.63,Level 3,Clear
TXN-00695,2024-03-24,Manufacturing,Raw Material,Vendor_G,84099,-4.1,Level 2,Clear
TXN-00696,2024-03-23,Marketing,Digital Ads,Vendor_G,413357,2.75,Level 3,Clear
TXN-00697,2024-02-14,Marketing,Events,Vendor_E,157665,-1.62,Level 2,Clear
TXN-00698,2024-01-25,Logistics,Freight,Vendor_B,404028,3.71,Level 3,Clear
TXN-00699,2024-01-04,Manufacturing,Equipment Maintenance,Vendor_F,141701,-4.93,Level 2,Clear
TXN-00700,2024-02-07,IT,Hardware,Vendor_G,323268,3.14,Level 3,Clear
TXN-00701,2024-02-21,Marketing,Digital Ads,Vendor_E,457664,-1.24,Level 3,Clear
TXN-00702,2024-03-21,IT,Hardware,Vendor_A,315271,-3.54,Level 3,Clear
TXN-00703,2024-02-11,Marketing,Digital Ads,Vendor_F,176692,1.87,Level 2,Clear
TXN-00704,2024-03-22,Manufacturing,Equipment Maintenance,Vendor_B,324317,4.42,Level 3,Clear
TXN-00705,2024-03-27,Logistics,Warehousing,Vendor_B,161120,4.44,Level 2,Clear
TXN-00706,2024-03-13,IT,Hardware,Vendor_C,329760,4.96,Level 3,Clear
TXN-00707,2024-03-19,Logistics,Freight,Vendor_D,176297,-1.13,Level 2,Clear
TXN-00708,2024-02-05,HR,Recruitment,Vendor_B,431876,-2.33,Level 3,Clear
TXN-00709,2024-03-30,HR,Recruitment,Vendor_H,139952,-0.21,Level 2,Clear
TXN-00710,2024-01-20,HR,Recruitment,Vendor_E,270996,-2.82,Level 3,Clear
TXN-00711,2024-02-17,Marketing,Digital Ads,Vendor_D,32021,2.16,Level 1,Clear
TXN-00712,2024-01-09,Manufacturing,Raw Material,Vendor_H,355467,-0.31,Level 3,Clear
TXN-00713,2024-03-09,HR,Training,Vendor_H,203370,3.52,Level 3,Clear
TXN-00714,2024-03-27,Manufacturing,Raw Material,Vendor_E,289843,-3.27,Level 3,Clear
TXN-00715,2024-01-14,Manufacturing,Equipment Maintenance,Vendor_H,132104,-3.37,Level 2,Clear
TXN-00716,2024-02-21,HR,Recruitment,Vendor_B,259267,2.71,Level 3,Clear
TXN-00717,2024-02-14,Marketing,Digital Ads,Vendor_D,486481,1.51,Level 3,Clear
TXN-00718,2024-02-12,Manufacturing,Equipment Maintenance,Vendor_A,297466,-2.5,Level 3,Clear
TXN-00719,2024-01-17,Manufacturing,Raw Material,Vendor_F,438395,-1.86,Level 3,Clear
TXN-00720,2024-01-11,Manufacturing,Equipment Maintenance,Vendor_H,283920,-1.96,Level 3,Clear
TXN-00721,2024-03-02,Marketing,Digital Ads,Vendor_C,490498,-4.81,Level 3,Clear
TXN-00722,2024-03-03,IT,Software Licenses,Vendor_D,31123,-4.06,Level 1,Clear
TXN-00723,2024-03-22,HR,Training,Vendor_C,447996,-2.19,Level 3,Clear
TXN-00724,2024-03-14,Logistics,Warehousing,Vendor_A,417053,-1.64,Level 3,Clear
TXN-00725,2024-01-24,HR,Training,Vendor_B,253232,2.84,Level 3,Clear
TXN-00726,2024-03-29,Marketing,Digital Ads,Vendor_E,306575,0.91,Level 3,Clear
TXN-00727,2024-02-15,Manufacturing,Raw Material,Vendor_D,77407,-1.22,Level 2,Clear
TXN-00728,2024-03-11,HR,Recruitment,Vendor_B,454136,0.73,Level 3,Clear
TXN-00729,2024-02-16,IT,Hardware,Vendor_G,471386,2.13,Level 3,Clear
TXN-00730,2024-01-21,Marketing,Digital Ads,Vendor_A,416482,4.43,Level 3,Clear
TXN-00731,2024-01-14,HR,Recruitment,Vendor_E,273329,-2.69,Level 3,Clear
TXN-00732,2024-02-10,Marketing,Events,Vendor_H,76960,-4.0,Level 2,Clear
TXN-00733,2024-02-02,Manufacturing,Raw Material,Vendor_D,386979,2.85,Level 3,Clear
TXN-00734,2024-02-25,HR,Recruitment,Vendor_E,247396,2.67,Level 3,Clear
TXN-00735,2024-01-22,IT,Software Licenses,Vendor_A,270959,-1.05,Level 3,Clear
TXN-00736,2024-02-03,Logistics,Freight,Vendor_G,178738,-3.18,Level 2,Clear
TXN-00737,2024-02-12,HR,Training,Vendor_F,130223,-2.37,Level 2,Clear
TXN-00738,2024-02-27,HR,Training,Vendor_B,168451,-0.71,Level 2,Clear
TXN-00739,2024-02-10,Manufacturing,Equipment Maintenance,Vendor_F,496788,-3.85,Level 3,Clear
TXN-00740,2024-02-15,Marketing,Digital Ads,Vendor_H,361995,1.48,Level 3,Clear
TXN-00741,2024-01-22,IT,Software Licenses,Vendor_B,412942,-4.48,Level 3,Clear
TXN-00742,2024-02-12,Marketing,Events,Vendor_D,409504,-0.67,Level 3,Clear
TXN-00743,2024-02-25,Manufacturing,Equipment Maintenance,Vendor_G,92581,-0.86,Level 2,Clear
TXN-00744,2024-03-22,IT,Hardware,Vendor_F,32135,1.38,Level 1,Clear
TXN-00745,2024-01-03,Marketing,Events,Vendor_F,378826,-1.15,Level 3,Clear
TXN-00746,2024-03-07,HR,Recruitment,Vendor_C,351989,4.13,Level 3,Clear
TXN-00747,2024-03-12,Logistics,Freight,Vendor_E,490414,2.55,Level 3,Clear
TXN-00748,2024-02-28,Logistics,Freight,Vendor_A,463477,-4.2,Level 3,Clear
TXN-00749,2024-02-04,Manufacturing,Equipment Maintenance,Vendor_A,70747,4.11,Level 2,Clear
TXN-00750,2024-02-11,Logistics,Warehousing,Vendor_H,202360,0.2,Level 3,Clear
TXN-00751,2024-01-05,Marketing,Digital Ads,Vendor_H,315289,-1.18,Level 3,Clear
TXN-00752,2024-01-25,IT,Hardware,Vendor_B,175121,-0.46,Level 2,Clear
TXN-00753,2024-01-23,IT,Software Licenses,Vendor_A,101920,-3.83,Level 2,Clear
TXN-00754,2024-02-07,Marketing,Digital Ads,Vendor_B,488737,-0.21,Level 3,Clear
TXN-00755,2024-03-20,Manufacturing,Equipment Maintenance,Vendor_C,378981,-2.25,Level 3,Clear
TXN-00756,2024-01-30,Marketing,Digital Ads,Vendor_F,161901,3.92,Level 2,Clear
TXN-00757,2024-02-06,HR,Training,Vendor_F,317250,0.57,Level 3,Clear
TXN-00758,2024-02-26,IT,Software Licenses,Vendor_B,442284,-2.08,Level 3,Clear
TXN-00759,2024-03-04,Logistics,Freight,Vendor_C,647081,34.54,Level 2,Review_Required
TXN-00760,2024-03-05,IT,Software Licenses,Vendor_A,102792,-1.26,Level 2,Clear
TXN-00761,2024-01-02,HR,Training,Vendor_A,62263,-1.14,Level 2,Clear
TXN-00762,2024-01-16,Logistics,Warehousing,Vendor_H,330102,-2.85,Level 3,Clear
TXN-00763,2024-02-17,HR,Training,Vendor_D,403941,-3.02,Level 3,Clear
TXN-00764,2024-01-08,IT,Hardware,Vendor_C,258831,-3.52,Level 3,Clear
TXN-00765,2024-02-22,IT,Software Licenses,Vendor_B,29883,-3.0,Level 1,Clear
TXN-00766,2024-01-03,Logistics,Warehousing,Vendor_D,159332,1.83,Level 2,Clear
TXN-00767,2024-02-28,Logistics,Warehousing,Vendor_C,597879,20.77,Level 3,Review_Required
TXN-00768,2024-01-31,IT,Software Licenses,Vendor_E,141426,-1.14,Level 2,Clear
TXN-00769,2024-02-22,HR,Recruitment,Vendor_G,392103,4.07,Level 3,Clear
TXN-00770,2024-03-26,Manufacturing,Raw Material,Vendor_H,124818,-0.28,Level 2,Clear
TXN-00771,2024-02-01,Logistics,Freight,Vendor_F,390984,-3.06,Level 3,Clear
TXN-00772,2024-02-08,HR,Training,Vendor_F,354124,3.63,Level 3,Clear
TXN-00773,2024-02-21,HR,Recruitment,Vendor_D,154213,-2.15,Level 2,Clear
TXN-00774,2024-02-28,Logistics,Freight,Vendor_G,491858,-4.31,Level 3,Clear
TXN-00775,2024-03-19,HR,Recruitment,Vendor_E,428106,-1.36,Level 3,Clear
TXN-00776,2024-02-15,Logistics,Freight,Vendor_G,242018,-1.62,Level 3,Clear
TXN-00777,2024-01-03,Manufacturing,Raw Material,Vendor_C,392180,2.75,Level 3,Clear
TXN-00778,2024-03-22,Marketing,Digital Ads,Vendor_F,368813,3.03,Level 3,Clear
TXN-00779,2024-02-25,Logistics,Freight,Vendor_E,337090,0.49,Level 3,Clear
TXN-00780,2024-03-27,Logistics,Warehousing,Vendor_E,261092,1.8,Level 3,Clear
TXN-00781,2024-02-17,HR,Training,Vendor_H,48569,-3.4,Level 1,Clear
TXN-00782,2024-02-23,Logistics,Freight,Vendor_E,239702,0.78,Level 3,Clear
TXN-00783,2024-01-28,Manufacturing,Raw Material,Vendor_B,70678,3.84,Level 2,Clear
TXN-00784,2024-03-28,Marketing,Digital Ads,Vendor_D,364637,2.78,Level 3,Clear
TXN-00785,2024-03-12,HR,Recruitment,Vendor_G,470241,0.04,Level 3,Clear
TXN-00786,2024-01-20,Manufacturing,Raw Material,Vendor_G,29106,-4.52,Level 1,Clear
TXN-00787,2024-02-29,Manufacturing,Equipment Maintenance,Vendor_H,466122,-0.13,Level 3,Clear
TXN-00788,2024-03-24,Manufacturing,Equipment Maintenance,Vendor_A,488170,3.28,Level 3,Clear
TXN-00789,2024-03-20,HR,Recruitment,Vendor_F,81272,-3.69,Level 2,Clear
TXN-00790,2024-02-07,IT,Software Licenses,Vendor_D,31244,1.64,Level 1,Clear
TXN-00791,2024-01-28,Marketing,Events,Vendor_E,232249,0.13,Level 3,Clear
TXN-00792,2024-03-14,HR,Training,Vendor_C,160582,3.65,Level 2,Clear
TXN-00793,2024-01-12,Marketing,Digital Ads,Vendor_D,323207,4.11,Level 3,Clear
TXN-00794,2024-02-17,Logistics,Warehousing,Vendor_E,381347,-0.68,Level 3,Clear
TXN-00795,2024-01-14,Logistics,Freight,Vendor_D,431474,-3.73,Level 3,Clear
TXN-00796,2024-03-08,IT,Software Licenses,Vendor_H,327920,3.06,Level 3,Clear
TXN-00797,2024-01-31,IT,Software Licenses,Vendor_B,106127,-4.49,Level 2,Clear
TXN-00798,2024-02-25,Manufacturing,Raw Material,Vendor_B,245727,-3.84,Level 3,Clear
TXN-00799,2024-02-01,IT,Software Licenses,Vendor_C,52452,0.07,Level 2,Clear
TXN-00800,2024-01-12,Manufacturing,Raw Material,Vendor_C,285001,-1.57,Level 3,Clear
